Customer,Rating,Comment
Emily Martinez,3,Average experience
Mia Brown,3,Nothing special
William Green,4,Amazing quality
Richard White,5,Excellent service
Hannah Brown,4,Friendly staff
Grace Wilson,4,Amazing quality
Robert Garcia,5,Friendly staff
Amelia Lewis,5,Excellent service
William Thomas,3,Acceptable service
David Baker,3,Reasonable quality
Amelia Brown,4,Great experience
Natalie Davis,5,Very satisfied
Mark Nelson,5,Highly recommended
Michael Adams,4,Quick support
Hannah Clark,5,Very satisfied
Michael Anderson,5,Highly recommended
Robert Baker,4,Excellent service
Thomas Jackson,3,Met expectations
Charlotte Martinez,1,Poor customer support
Chloe Davis,5,Great experience
Natalie Martin,5,Friendly staff
Zoe Lopez,3,It was okay
Richard Nelson,3,Acceptable service
Natalie Gonzalez,4,Fast delivery
Sophia Miller,5,Amazing quality
Zoe Jones,5,Excellent service
Natalie Brown,4,Great experience
Samantha Wilson,4,Friendly staff
Ella Green,2,Very disappointed
Amelia Lee,3,Normal delivery
Evelyn Nelson,2,Damaged product
Evelyn White,4,Amazing quality
Joshua Thomas,5,Highly recommended
Daniel Thomas,4,Fast delivery
David Adams,4,Excellent service
Joshua Scott,1,Damaged product
Ella Perez,3,Normal delivery
Harper Jackson,5,Easy ordering
Victoria Jones,5,Amazing quality
Joseph Wright,4,Very satisfied
Charlotte Hernandez,3,Satisfactory
Olivia Martinez,3,Reasonable quality
Ella Lewis,5,Fast delivery
Robert Jones,5,Amazing quality
Zoe Adams,3,Satisfactory
Emily Perez,2,Not worth the price
Emma Carter,3,Acceptable service
Ella Nelson,4,Amazing quality
Evelyn Jones,1,Would not recommend
David Moore,4,Very satisfied
Abigail Jones,2,Very disappointed
Michael Martin,4,Very satisfied
Natalie Walker,3,It was okay
Andrew Harris,1,Damaged product
Emma Johnson,3,Satisfactory
Evelyn Thompson,5,Friendly staff
Christopher Mitchell,1,Bad experience
Joseph King,5,Quick support
Michael Wilson,2,Poor customer support
Andrew Rodriguez,4,Great experience
Donald Clark,4,Highly recommended
Mia King,4,Excellent service
David Hernandez,4,Great experience
Harper Clark,4,High quality product
Zoe Moore,3,Nothing special
Thomas Robinson,5,Friendly staff
Zoe Moore,3,Normal delivery
Charlotte Thompson,4,Easy ordering
Isabella Anderson,5,Quick support
Charles Garcia,1,Poor customer support
Daniel Martinez,5,Very satisfied
Mark Anderson,4,Amazing quality
James King,5,Fast delivery
Hannah Lopez,4,Very satisfied
Steven Jackson,4,Excellent service
James Martinez,3,Satisfactory
Charlotte Green,1,Very disappointed
Sophia Mitchell,5,Quick support
Natalie Lee,5,Excellent service
Thomas Wright,4,Easy ordering
Samantha Brown,5,High quality product
Evelyn Baker,5,Fast delivery
Mia Clark,4,Excellent service
Mia Clark,4,Great experience
Richard Allen,5,Amazing quality
Mia Brown,1,Delivery was late
Matthew Jones,1,Damaged product
Anthony Walker,4,Friendly staff
Christopher Davis,4,Highly recommended
Olivia Carter,4,Easy ordering
Michael Miller,3,Could be better
James Adams,5,Friendly staff
Charles Green,3,Reasonable quality
Richard White,5,Fast delivery
Samantha Johnson,3,Met expectations
William Wilson,4,Excellent service
Samantha Harris,4,Very satisfied
Charles Taylor,5,Fast delivery
Emma Carter,1,Very disappointed
Sophia Allen,4,Quick support
Joseph Davis,2,Would not recommend
Ella Young,1,Not worth the price
Abigail Allen,4,Fast delivery
Joshua Garcia,4,Amazing quality
Charles Miller,5,Highly recommended
Olivia Taylor,5,Friendly staff
Abigail Hernandez,3,Met expectations
Lily Johnson,5,Excellent service
Anthony Scott,5,High quality product
Sophia Martinez,5,Fast delivery
Chloe Johnson,3,Met expectations
Lily Martin,5,Amazing quality
David Taylor,3,Satisfactory
Lily White,4,Fast delivery
Christopher Thompson,5,Highly recommended
Mark Green,5,Fast delivery
Chloe Wright,5,Excellent service
Olivia Anderson,1,Very disappointed
Samantha Gonzalez,3,Reasonable quality
Donald Clark,3,Normal delivery
Mark Gonzalez,1,Very disappointed
Lily King,1,Order was incorrect
Emma Johnson,5,Easy ordering
John Moore,1,Bad experience
Abigail Taylor,4,Easy ordering
Matthew Carter,2,Very disappointed
Emma Walker,5,Great experience
Emma White,4,Friendly staff
David Anderson,4,Easy ordering
Richard Anderson,4,High quality product
Abigail Gonzalez,5,Amazing quality
Olivia Wilson,4,Very satisfied
Abigail Mitchell,2,Damaged product
Samantha Smith,5,Excellent service
Abigail Thompson,5,Great experience
David Davis,3,Reasonable quality
Isabella Gonzalez,4,Easy ordering
Abigail Lopez,1,Bad experience
Amelia Perez,5,Excellent service
David Clark,4,Great experience
Evelyn Clark,5,Highly recommended
David Hernandez,4,High quality product
Christopher Rodriguez,5,Great experience
John Martinez,5,Amazing quality
Hannah Young,5,Easy ordering
Charles Mitchell,3,Acceptable service
Victoria Allen,3,Met expectations
Emma Martinez,4,High quality product
Zoe Baker,5,Highly recommended
Thomas Johnson,3,Reasonable quality
James Miller,5,Friendly staff
Lily Rodriguez,4,Very satisfied
Amelia Gonzalez,5,Very satisfied
Anthony Johnson,1,Bad experience
Steven Wilson,4,Fast delivery
Andrew Wright,4,Quick support
Donald Nelson,3,It was okay
Emily Taylor,4,Easy ordering
Chloe Lewis,4,Fast delivery
Thomas Brown,3,Average experience
Emma Young,1,Order was incorrect
Hannah Scott,5,Excellent service
Charlotte Wright,4,Quick support
Thomas Green,5,Amazing quality
Charles Scott,2,Slow response
Grace Johnson,3,Satisfactory
Harper Lopez,5,Fast delivery
Victoria Smith,3,Fine overall
Charles Lopez,4,High quality product
Charles Allen,3,Satisfactory
Samantha Davis,4,High quality product
Zoe Brown,5,Friendly staff
Emily Scott,5,Amazing quality
Lily Baker,4,Friendly staff
Abigail Miller,4,Friendly staff
Zoe Brown,5,Great experience
Donald Gonzalez,5,Excellent service
Paul Williams,5,Easy ordering
Richard Wright,1,Would not recommend
Harper Baker,4,Great experience
John Jones,5,Easy ordering
Harper Lee,4,Quick support
Samantha Wright,5,Quick support
Victoria Wright,5,Easy ordering
Matthew Moore,3,Fine overall
Harper Wright,1,Order was incorrect
Chloe Allen,4,Very satisfied
Grace Thomas,3,Acceptable service
Lily Taylor,1,Delivery was late
Zoe Gonzalez,5,Friendly staff
Harper Rodriguez,5,Easy ordering
Charlotte Davis,5,High quality product
Mia Walker,2,Delivery was late
Emily Jones,3,Average experience
Donald Robinson,2,Very disappointed
William Wilson,3,Average experience
Joshua Davis,3,Nothing special
Charles White,4,Highly recommended
Charles Taylor,4,Quick support
Thomas Young,3,Could be better
Mark Miller,2,Bad experience
Mia King,3,Acceptable service
Christopher Anderson,3,It was okay
Christopher Robinson,3,Acceptable service
Grace Clark,1,Would not recommend
Olivia Lewis,5,Highly recommended
Matthew Thompson,3,Normal delivery
Emily Garcia,4,Very satisfied
Sophia Johnson,4,Very satisfied
Olivia Baker,3,Met expectations
Evelyn Walker,1,Would not recommend
John Harris,3,Reasonable quality
Olivia Scott,5,Very satisfied
Samantha Jackson,5,Excellent service
Grace Jones,2,Poor customer support
Joseph Anderson,5,Quick support
Richard Garcia,3,Normal delivery
Steven Moore,5,Highly recommended
Robert Lopez,2,Slow response
Paul Rodriguez,5,Great experience
Amelia Taylor,1,Bad experience
Mia Martinez,1,Slow response
Chloe Wright,5,Great experience
Natalie King,5,Fast delivery
Emily Garcia,5,High quality product
Paul Brown,5,Amazing quality
Daniel Robinson,4,Very satisfied
William Moore,5,Quick support
John Garcia,4,Quick support
Steven Garcia,3,Fine overall
Victoria Anderson,4,Very satisfied
William Taylor,5,Friendly staff
Joseph Young,5,Quick support
James Perez,5,Easy ordering
Zoe Lewis,2,Low quality
Paul Mitchell,3,Met expectations
Thomas Williams,4,Very satisfied
Lily Thomas,3,Reasonable quality
Joseph Hernandez,4,Friendly staff
Steven Brown,5,High quality product
Daniel Gonzalez,3,Satisfactory
Joshua Martin,4,Friendly staff
Lily Wilson,5,Fast delivery
Andrew Walker,4,High quality product
Grace Lopez,4,Amazing quality
Paul Thompson,4,Quick support
John Taylor,4,Highly recommended
Robert Smith,5,Quick support
John Wright,4,High quality product
Zoe Gonzalez,2,Poor customer support
Grace Allen,2,Slow response
Donald Walker,4,Fast delivery
Richard Robinson,5,Very satisfied
Ella Green,1,Not worth the price
Mia Wright,3,Could be better
Joshua Wilson,4,Amazing quality
Mark Perez,5,High quality product
Matthew Rodriguez,2,Bad experience
Mia Thompson,4,Highly recommended
Michael Rodriguez,1,Very disappointed
James Jones,3,Met expectations
Steven Robinson,3,Acceptable service
Christopher Brown,4,Fast delivery
David Harris,5,Highly recommended
Grace Jackson,4,Friendly staff
Victoria Thomas,5,Quick support
Andrew Williams,4,High quality product
Evelyn Lopez,3,Could be better
Christopher Moore,3,Nothing special
Harper Smith,4,Fast delivery
Steven White,1,Poor customer support
Olivia Baker,5,Highly recommended
Emily Thomas,3,Could be better
Robert Martin,2,Poor customer support
Anthony Thompson,5,Easy ordering
Daniel Smith,2,Slow response
Olivia Harris,4,Easy ordering
David Allen,3,Could be better
Paul Wright,4,Friendly staff
Matthew Thomas,1,Bad experience
Grace Smith,4,Quick support
David Taylor,5,High quality product
David Martinez,5,Quick support
Mia Nelson,2,Low quality
Robert Clark,5,Very satisfied
John Martin,2,Order was incorrect
Joshua Anderson,3,Met expectations
David Nelson,3,Normal delivery
Lily Martinez,1,Slow response
Victoria Harris,5,Great experience
Emily King,5,Amazing quality
Charles Jackson,1,Not worth the price
Samantha Martinez,4,Friendly staff
Robert Wright,5,Quick support
Amelia Wright,3,Nothing special
Thomas Scott,4,High quality product
Grace Adams,5,Very satisfied
John Nelson,4,Fast delivery
Mark Garcia,4,Amazing quality
John Williams,4,Very satisfied
Thomas White,4,Fast delivery
Richard Harris,5,Amazing quality
Harper Baker,3,Normal delivery
Michael Johnson,2,Very disappointed
Chloe Thomas,4,Easy ordering
Ella Taylor,4,Very satisfied
James Young,5,Great experience
William Wright,2,Delivery was late
Chloe Garcia,5,Highly recommended
Lily Jones,5,Fast delivery
Abigail Taylor,5,Great experience
William Taylor,5,Quick support
Donald Wilson,1,Very disappointed
Mark Young,4,Easy ordering
Ella Harris,5,Easy ordering
William Allen,4,Quick support
Andrew Williams,1,Not worth the price
Samantha Gonzalez,2,Poor customer support
William Carter,2,Poor customer support
Charles Perez,5,Excellent service
Steven Martin,3,Normal delivery
Samantha Adams,1,Poor customer support
Thomas Smith,5,Great experience
Abigail Brown,3,Normal delivery
Ella Moore,3,Reasonable quality
Richard Wilson,2,Low quality
Ella Jackson,3,Fine overall
Lily Jackson,1,Would not recommend
Evelyn Young,5,Friendly staff
Evelyn Davis,3,Normal delivery
Zoe Gonzalez,1,Slow response
Joshua Garcia,5,Excellent service
Abigail Johnson,4,High quality product
Andrew Young,5,Fast delivery
William Wright,5,Highly recommended
Harper Moore,3,Acceptable service
Isabella Wilson,4,Highly recommended
Anthony Jones,1,Slow response
Hannah Garcia,1,Very disappointed
Charles Scott,5,Quick support
Steven White,4,Quick support
Thomas Carter,1,Poor customer support
Grace Moore,5,Highly recommended
Joseph White,5,High quality product
Mark King,5,Friendly staff
Ella Clark,2,Poor customer support
John Hernandez,5,Highly recommended
James King,5,Excellent service
Harper Clark,2,Bad experience
Joshua Martinez,4,Highly recommended
Charlotte Thompson,3,Met expectations
Isabella Lee,3,Nothing special
Joseph Perez,3,Reasonable quality
James Lee,4,Highly recommended
Olivia Clark,4,Very satisfied
Joseph Gonzalez,1,Bad experience
James Jackson,3,Average experience
Steven White,4,Very satisfied
William Clark,2,Order was incorrect
Isabella Nelson,4,Amazing quality
William White,2,Not worth the price
Amelia Moore,5,Fast delivery
Michael Moore,5,High quality product
Richard Brown,3,Reasonable quality
Andrew Martinez,2,Poor customer support
Donald Moore,4,Easy ordering
Amelia Wright,2,Poor customer support
Emily Gonzalez,3,Average experience
Sophia Robinson,4,Quick support
John Clark,5,Highly recommended
Zoe Baker,5,Very satisfied
Anthony Garcia,3,Fine overall
Michael Lewis,5,Highly recommended
Harper Mitchell,4,Quick support
Thomas Jackson,2,Order was incorrect
Ella Brown,4,Excellent service
Zoe Rodriguez,5,Very satisfied
Christopher Allen,4,Easy ordering
Charlotte Perez,5,Highly recommended
Andrew Martin,3,Acceptable service
Steven Taylor,1,Slow response
Mia Thomas,3,Met expectations
Joshua Allen,5,Friendly staff
Zoe Clark,4,Great experience
Joseph Hernandez,5,Amazing quality
Christopher Jones,2,Delivery was late
Anthony Wright,4,Very satisfied
Ella Baker,2,Poor customer support
Mark Walker,3,Could be better
Olivia Walker,1,Low quality
Amelia Rodriguez,4,Highly recommended
Zoe Gonzalez,4,Highly recommended
Donald Garcia,4,Great experience
Daniel Perez,3,Could be better
Zoe Garcia,4,Fast delivery
Emily Thomas,4,Very satisfied
Sophia Taylor,3,Average experience
Natalie Gonzalez,5,Friendly staff
John Lewis,4,Fast delivery
Isabella Lewis,4,Easy ordering
Lily Wilson,4,Quick support
Isabella Moore,5,Amazing quality
Olivia Brown,5,Amazing quality
Ella Moore,4,Amazing quality
Natalie White,4,Excellent service
Thomas Wright,2,Order was incorrect
Lily Wilson,3,Fine overall
David Moore,3,Fine overall
Donald Harris,4,Great experience
Mia Walker,3,It was okay
Amelia Martin,5,Easy ordering
John Rodriguez,2,Slow response
Robert Robinson,5,Very satisfied
Abigail Nelson,3,It was okay
Ella Smith,1,Order was incorrect
William Clark,4,Easy ordering
Lily Young,5,Easy ordering
Harper Thomas,4,Great experience
Richard Anderson,5,Great experience
Charles Martinez,2,Poor customer support
Lily Miller,4,Very satisfied
Evelyn Garcia,5,Fast delivery
Zoe Williams,5,Very satisfied
James Rodriguez,5,Excellent service
Mark Adams,2,Low quality
Robert Martin,4,Fast delivery
Thomas Taylor,3,Nothing special
Lily Robinson,2,Not worth the price
Joseph Miller,5,Highly recommended
William Martin,5,Amazing quality
Lily Nelson,1,Would not recommend
Matthew Harris,2,Delivery was late
Steven Anderson,5,Great experience
Victoria Smith,4,Fast delivery
James Green,5,Very satisfied
Joshua Young,4,Very satisfied
Paul Lee,3,Nothing special
Donald Allen,5,Great experience
Lily Thomas,5,Great experience
Zoe Thomas,3,Could be better
John Lewis,4,Fast delivery
Joshua Brown,4,Very satisfied
John Gonzalez,5,Quick support
Ella Lewis,3,Normal delivery
David Taylor,4,Great experience
Mark Robinson,5,Highly recommended
Sophia Anderson,5,Excellent service
Ella Williams,4,Excellent service
Olivia Lewis,4,Fast delivery
Sophia Clark,3,Met expectations
Matthew Smith,4,Quick support
Andrew Wright,3,Acceptable service
William Wilson,4,Amazing quality
Ella Gonzalez,5,Very satisfied
Joshua Gonzalez,4,Easy ordering
Mark Young,4,Great experience
Mark Taylor,5,Easy ordering
Andrew Miller,5,Excellent service
Samantha King,1,Would not recommend
Samantha Lopez,5,Very satisfied
Mark King,4,Friendly staff
Charlotte Brown,5,Amazing quality
Victoria Martinez,5,Great experience
Mia Brown,4,Very satisfied
Anthony Johnson,4,Amazing quality
Victoria Martinez,5,Great experience
Charlotte Brown,3,Acceptable service
Michael Lopez,4,High quality product
Mia Walker,4,Very satisfied
Emily Davis,5,Quick support
David Hernandez,3,Could be better
Olivia Gonzalez,5,Great experience
Daniel Scott,4,Quick support
Evelyn Williams,5,High quality product
Joshua Harris,5,Amazing quality
Sophia Perez,5,Quick support
Harper Hernandez,5,High quality product
Richard Smith,4,Highly recommended
David Moore,5,Quick support
David Thompson,4,Quick support
Charlotte Davis,1,Low quality
Zoe Wilson,3,Satisfactory
Isabella Thompson,4,Quick support
Joshua Robinson,5,Very satisfied
David Brown,4,Excellent service
Abigail Gonzalez,5,Quick support
Sophia Green,4,Great experience
Harper Gonzalez,5,Easy ordering
Emily White,5,Highly recommended
Abigail Johnson,5,Very satisfied
Charlotte Thomas,5,High quality product
Mia Williams,4,Great experience
Isabella Williams,4,Great experience
Evelyn Jones,5,Fast delivery
Michael Taylor,4,High quality product
Matthew Jones,5,Fast delivery
Victoria Perez,3,Satisfactory
Sophia Moore,5,Amazing quality
Olivia Mitchell,5,High quality product
Robert Taylor,4,Great experience
Emily Moore,2,Very disappointed
Joshua Smith,4,Fast delivery
Victoria Jones,4,Amazing quality
John Anderson,3,Satisfactory
Richard Allen,5,Highly recommended
Evelyn Harris,5,Fast delivery
Steven Robinson,4,Quick support
Ella Rodriguez,5,Friendly staff
Ella Lopez,2,Slow response
James Martin,4,High quality product
Charles Carter,2,Very disappointed
Donald Lee,5,Quick support
Emily Young,3,Normal delivery
Sophia Carter,5,Fast delivery
David Wright,1,Bad experience
Matthew Clark,5,Great experience
Christopher Thomas,4,Amazing quality
Charlotte Jones,2,Poor customer support
Robert Allen,3,Met expectations
Zoe Green,4,Easy ordering
Emily Hernandez,4,Quick support
Amelia Miller,1,Order was incorrect
William Taylor,5,Friendly staff
Samantha Garcia,4,Great experience
Anthony Miller,5,Very satisfied
Charlotte King,2,Damaged product
Harper Lopez,5,Quick support
Mark Rodriguez,3,Acceptable service
Charlotte Young,3,Fine overall
Samantha Thomas,4,Very satisfied
Chloe Davis,4,Fast delivery
Andrew Jackson,5,Very satisfied
Paul Adams,3,Nothing special
Paul White,4,Friendly staff
Steven Taylor,5,Very satisfied
Matthew Walker,5,Highly recommended
Donald Lopez,4,Fast delivery
Donald Thomas,4,Highly recommended
Charles Jackson,5,Fast delivery
Hannah Gonzalez,3,It was okay
Emily Jones,5,Very satisfied
Mia Taylor,1,Order was incorrect
Donald Wright,1,Order was incorrect
Lily Anderson,2,Delivery was late
Richard Young,4,Great experience
Robert Miller,4,Highly recommended
James Allen,3,Reasonable quality
Mark Walker,5,Amazing quality
Sophia Williams,4,Quick support
Andrew Anderson,2,Damaged product
Joseph Brown,1,Slow response
Matthew Carter,4,Excellent service
Hannah Gonzalez,3,Average experience
William White,5,Amazing quality
Grace Lopez,5,High quality product
Harper Carter,4,High quality product
Steven Smith,4,Great experience
Richard Carter,5,Easy ordering
Samantha Thompson,2,Order was incorrect
Anthony Williams,4,Quick support
Sophia Perez,3,Reasonable quality
Charles Williams,2,Poor customer support
Anthony Taylor,3,It was okay
Robert Carter,4,Amazing quality
Anthony Smith,4,Very satisfied
Emily Lewis,5,High quality product
Sophia Lopez,5,Fast delivery
Samantha Martin,3,Reasonable quality
William Wilson,5,Highly recommended
Robert King,2,Delivery was late
Zoe Allen,5,Great experience
William Lewis,4,Excellent service
Richard Clark,5,Excellent service
Zoe Martinez,4,Great experience
Chloe Garcia,4,Highly recommended
Christopher Clark,5,Great experience
Paul Lewis,4,Highly recommended
Andrew Martin,5,Easy ordering
Charlotte Brown,5,Friendly staff
Joshua Adams,1,Damaged product
Emma Lewis,5,Amazing quality
Charlotte Johnson,5,Quick support
Sophia Gonzalez,5,Quick support
Mia Clark,4,Very satisfied
Anthony Smith,5,Very satisfied
Amelia Hernandez,2,Low quality
Amelia Davis,3,Satisfactory
David Clark,5,Fast delivery
Natalie White,3,Acceptable service
Evelyn Hernandez,3,Satisfactory
Thomas Smith,4,Fast delivery
Michael Baker,5,Excellent service
Charles Clark,5,Quick support
David Adams,1,Would not recommend
Samantha White,1,Bad experience
Grace Hernandez,5,Amazing quality
Charles Thompson,5,Highly recommended
Andrew Hernandez,5,Very satisfied
Lily Hernandez,5,Fast delivery
William Miller,1,Damaged product
Isabella King,4,Very satisfied
Matthew Martin,5,Fast delivery
Thomas Williams,4,Great experience
Abigail Lee,2,Poor customer support
Michael Carter,5,Fast delivery
Isabella Garcia,3,Could be better
Samantha Hernandez,4,Highly recommended
Mark Mitchell,1,Damaged product
Mia Mitchell,3,Could be better
Matthew Allen,4,Excellent service
Daniel Adams,5,Friendly staff
Anthony Williams,3,Normal delivery
Mia Scott,3,Average experience
Christopher Harris,5,High quality product
Emma Davis,5,High quality product
Charles Thomas,4,Fast delivery
Matthew Williams,5,Quick support
Zoe Williams,4,Great experience
Emily Davis,2,Low quality
Isabella Carter,1,Low quality
Evelyn Baker,4,Great experience
Joshua Lewis,4,High quality product
Joshua Nelson,4,Very satisfied
Donald Robinson,5,Highly recommended
Isabella White,4,Great experience
Harper Wright,2,Very disappointed
Harper Lopez,3,Fine overall
John Smith,2,Slow response
Samantha King,2,Delivery was late
Evelyn Thomas,5,Amazing quality
Harper Mitchell,4,Friendly staff
Evelyn Lopez,4,Excellent service
Abigail Clark,5,High quality product
Richard Jones,4,Easy ordering
Thomas Thompson,5,Great experience
Amelia White,3,Reasonable quality
David Walker,4,Highly recommended
Grace Wright,5,Amazing quality
Robert Williams,5,Amazing quality
Thomas Garcia,5,Highly recommended
Emily Wright,3,It was okay
David Brown,4,Easy ordering
Grace Harris,5,Amazing quality
Thomas Johnson,1,Very disappointed
William Mitchell,3,Normal delivery
Joseph Gonzalez,4,Excellent service
Thomas King,5,Quick support
Andrew Hernandez,4,Highly recommended
Mark Jones,1,Low quality
Emma Mitchell,2,Damaged product
Steven Hernandez,5,Highly recommended
Emily Mitchell,5,Highly recommended
Paul Young,4,Great experience
Charles Taylor,4,Easy ordering
Grace Allen,4,Highly recommended
Anthony Nelson,4,Excellent service
Steven Mitchell,4,Amazing quality
Grace Thomas,3,Could be better
Emily White,3,Normal delivery
Robert Gonzalez,4,Excellent service
Daniel Clark,4,Friendly staff
Christopher Moore,5,Easy ordering
Emily Harris,4,Easy ordering
Christopher Taylor,5,Excellent service
Joseph Scott,3,Satisfactory
Michael White,5,Quick support
Harper Baker,5,Fast delivery
Lily Nelson,5,Amazing quality
Richard Taylor,5,Highly recommended
Chloe Clark,4,High quality product
Sophia Taylor,4,High quality product
Isabella White,3,Nothing special
Natalie Martinez,3,Fine overall
Sophia Perez,5,Amazing quality
David Walker,2,Bad experience
Mark Lopez,5,Easy ordering
Samantha Brown,1,Bad experience
Andrew Scott,4,Great experience
Steven Martin,2,Slow response
Hannah Lee,5,Amazing quality
James Williams,3,Acceptable service
Mark Martinez,4,Friendly staff
Andrew Mitchell,4,Friendly staff
Amelia Lewis,5,Great experience
Grace White,3,It was okay
Michael Rodriguez,3,Acceptable service
Ella Anderson,4,Easy ordering
Samantha Williams,3,Fine overall
John Brown,4,High quality product
James Adams,4,Very satisfied
Emma Martin,3,Nothing special
Richard Scott,4,Fast delivery
Emma Green,4,Excellent service
Mark Lewis,2,Slow response
Hannah Martin,5,Excellent service
Hannah Rodriguez,4,Great experience
Anthony White,5,Fast delivery
Samantha Allen,2,Bad experience
Christopher Rodriguez,4,Great experience
James Thomas,5,High quality product
Charles Walker,3,Average experience
Richard Jones,3,Met expectations
Charles Moore,4,Fast delivery
Mia Taylor,3,Normal delivery
James Brown,2,Poor customer support
Zoe Thompson,4,Fast delivery
Victoria Nelson,2,Low quality
Harper Carter,1,Bad experience
Lily King,5,High quality product
Donald Hernandez,2,Would not recommend
James Williams,3,Average experience
Michael Green,5,Friendly staff
John Clark,4,Quick support
Daniel Thomas,5,Amazing quality
Christopher Brown,2,Poor customer support
Richard Smith,3,Met expectations
Samantha Baker,4,Friendly staff
Matthew Martinez,2,Damaged product
Charlotte Gonzalez,5,Easy ordering
Lily Carter,3,Fine overall
Grace Lewis,3,Nothing special
Samantha Lopez,3,Could be better
Grace Martin,1,Not worth the price
William Martin,5,Very satisfied
Michael Allen,1,Delivery was late
Chloe Smith,1,Would not recommend
Isabella Robinson,4,Great experience
Evelyn Garcia,2,Poor customer support
Harper Lopez,3,Could be better
Mark Miller,5,Excellent service
Steven Anderson,5,Quick support
Robert Davis,5,High quality product
Olivia Taylor,3,Normal delivery
Michael Moore,4,Friendly staff
Zoe Robinson,4,Easy ordering
Lily Taylor,4,Amazing quality
Andrew Wilson,1,Slow response
David Wright,5,Fast delivery
James Hernandez,3,Normal delivery
Steven Thomas,5,Quick support
Matthew Hernandez,2,Order was incorrect
Emily Gonzalez,4,Great experience
Isabella Perez,5,Amazing quality
Victoria Thomas,4,Excellent service
Isabella Green,3,Met expectations
Abigail Allen,5,Amazing quality
Lily Smith,4,Friendly staff
John Robinson,4,High quality product
Mark Adams,4,Excellent service
Joshua Wilson,2,Would not recommend
Mia Mitchell,3,Average experience
Hannah Jones,4,Very satisfied
Natalie Hernandez,5,Highly recommended
Charles Williams,3,Average experience
John Davis,4,Easy ordering
Richard Mitchell,4,Excellent service
Christopher Thompson,5,Friendly staff
Charles Johnson,2,Would not recommend
John Williams,5,Friendly staff
Thomas Williams,4,Amazing quality
William Williams,5,High quality product
William Nelson,4,Easy ordering
Sophia Gonzalez,4,Great experience
Chloe Jones,2,Not worth the price
Isabella Miller,5,Easy ordering
Donald Wilson,5,Fast delivery
Anthony Davis,3,Fine overall
Robert Williams,4,High quality product
David Jackson,1,Slow response
Abigail Miller,2,Order was incorrect
Thomas Miller,4,Easy ordering
Anthony Jackson,4,Great experience
Emily Perez,3,Fine overall
Amelia Taylor,1,Not worth the price
John Thompson,3,Nothing special
Steven Jackson,5,Highly recommended
Michael White,3,It was okay
Emily Carter,4,Quick support
Grace Allen,5,High quality product
Andrew Mitchell,1,Very disappointed
John Lewis,1,Slow response
John Robinson,1,Order was incorrect
Lily Miller,2,Bad experience
Emma Allen,5,High quality product
Michael Green,5,Quick support
Natalie Wilson,5,Great experience
David Adams,2,Low quality
Andrew Hernandez,4,Fast delivery
Amelia Smith,5,High quality product
Lily Gonzalez,5,Friendly staff
Andrew Brown,4,Quick support
James Thompson,5,High quality product
Ella Miller,3,Fine overall
Ella Lopez,2,Slow response
Ella Nelson,5,Fast delivery
Emma Wright,5,Fast delivery
Steven Adams,1,Not worth the price
Christopher Jackson,4,Excellent service
Anthony Anderson,3,Normal delivery
Ella Hernandez,4,Very satisfied
Joseph Garcia,3,Average experience
Ella Baker,5,Great experience
Richard Lee,5,Quick support
Emma Miller,5,Excellent service
Mia Clark,5,Amazing quality
David Robinson,1,Not worth the price
John White,2,Damaged product
Anthony Martin,4,Amazing quality
Steven Robinson,4,Highly recommended
Chloe Wright,5,High quality product
Christopher Harris,3,It was okay
Mark Young,5,Quick support
Thomas Green,4,High quality product
Victoria Carter,3,It was okay
Robert Thompson,3,Average experience
Hannah Lee,5,Easy ordering
Lily Martinez,4,Excellent service
Harper Baker,3,It was okay
Emily Hernandez,5,Great experience
Evelyn Walker,4,Amazing quality
Steven Nelson,1,Very disappointed
Mark Rodriguez,2,Bad experience
Olivia Young,4,High quality product
Donald Wright,1,Damaged product
Matthew Moore,2,Delivery was late
Joshua Mitchell,1,Order was incorrect
Charles Martinez,2,Damaged product
Donald Lee,5,Amazing quality
Victoria Scott,4,Very satisfied
Emma Hernandez,5,Excellent service
Donald Lee,4,Very satisfied
Matthew Taylor,5,Great experience
Richard Hernandez,5,Quick support
Richard Gonzalez,5,Amazing quality
Isabella Martinez,2,Damaged product
Charles Martin,3,Normal delivery
Joshua Robinson,5,Friendly staff
Paul Gonzalez,3,It was okay
Richard Miller,5,Fast delivery
Paul Wilson,3,Reasonable quality
Isabella Young,4,Excellent service
Robert Smith,2,Low quality
Mia Robinson,3,It was okay
Mark Wright,4,Easy ordering
Andrew Young,5,Very satisfied
John Martinez,5,Amazing quality
Steven Carter,5,Easy ordering
Mia Smith,5,Easy ordering
Donald Robinson,3,Satisfactory
Natalie Nelson,1,Would not recommend
Charlotte Anderson,5,Fast delivery
Hannah Anderson,5,High quality product
Daniel Davis,4,Fast delivery
Evelyn Robinson,5,High quality product
Emily Taylor,4,Great experience
Richard Lewis,4,Quick support
Donald Clark,4,Quick support
Christopher Taylor,5,Excellent service
Amelia Allen,2,Would not recommend
Evelyn Johnson,5,Quick support
Samantha Lewis,4,High quality product
Lily Lopez,4,Quick support
Emily Smith,5,Great experience
Isabella King,5,Highly recommended
Richard Williams,3,Reasonable quality
Steven Green,5,Great experience
Anthony Hernandez,4,Highly recommended
Matthew Scott,1,Not worth the price
Emma Miller,5,Friendly staff
Natalie Young,5,Very satisfied
Chloe Wilson,2,Slow response
Abigail Wright,5,Friendly staff
John White,4,Easy ordering
Lily Perez,3,It was okay
Charlotte Young,5,Highly recommended
Anthony Lopez,5,Amazing quality
Mia Wright,5,Amazing quality
Joseph Mitchell,4,Very satisfied
Emma Brown,3,Reasonable quality
Steven Moore,4,Highly recommended
Isabella Clark,2,Low quality
Michael Smith,2,Poor customer support
William Lewis,5,Friendly staff
Charlotte Thompson,4,Quick support
Hannah Taylor,5,Highly recommended
Richard Anderson,3,Acceptable service
Joshua Clark,4,Quick support
Lily Anderson,5,Very satisfied
Mia Young,4,Great experience
Anthony Hernandez,5,Friendly staff
Thomas Jones,5,Quick support
Matthew Allen,5,Great experience
Zoe Anderson,4,Very satisfied
Charles Thompson,5,Very satisfied
Charlotte Young,3,Acceptable service
Andrew Baker,1,Not worth the price
Thomas Allen,4,Great experience
Emma Anderson,5,Friendly staff
Paul Harris,3,Acceptable service
Steven Robinson,5,Easy ordering
Daniel Allen,4,Quick support
James Moore,5,Excellent service
Emma Thomas,3,Nothing special
Joshua Lee,4,Highly recommended
Abigail King,4,Great experience
Amelia Mitchell,5,Very satisfied
David White,5,Amazing quality
Charles Martin,2,Would not recommend
Isabella Brown,5,Highly recommended
David Adams,5,Quick support
Emily Rodriguez,3,Met expectations
Lily Thompson,1,Damaged product
Hannah Smith,4,High quality product
James Wilson,5,Fast delivery
William Jackson,5,Highly recommended
Steven Carter,5,Easy ordering
Richard Nelson,4,Amazing quality
Charles Anderson,5,Fast delivery
Daniel Walker,5,Highly recommended
Emma Martinez,5,Excellent service
Anthony Clark,4,Easy ordering
Chloe Hernandez,2,Order was incorrect
Samantha Carter,3,Normal delivery
David Baker,3,Fine overall
Joshua Gonzalez,4,Highly recommended
Ella Wilson,4,High quality product
Lily Garcia,4,Amazing quality
Harper Davis,5,Highly recommended
Zoe Davis,3,Fine overall
Steven Lewis,4,Highly recommended
Mark Rodriguez,5,Amazing quality
Abigail King,1,Slow response
Zoe Brown,5,Very satisfied
Abigail Young,3,Nothing special
Charles King,4,Quick support
Donald King,4,Quick support
Christopher Green,1,Very disappointed
Victoria Smith,5,Highly recommended
Christopher Lee,3,Acceptable service
Evelyn Adams,3,Nothing special
Ella Jackson,1,Would not recommend
Evelyn White,5,Highly recommended
Amelia Lewis,5,High quality product
William Lopez,5,Amazing quality
Sophia Johnson,1,Damaged product
John Mitchell,2,Delivery was late
Robert Perez,1,Damaged product
Richard Wright,5,Friendly staff
Abigail King,3,Normal delivery
Charles Williams,5,Easy ordering
Anthony Lewis,4,Very satisfied
Thomas Perez,5,Great experience
Richard White,5,Great experience
Olivia Allen,4,Quick support
Lily Baker,3,Reasonable quality
Anthony Jackson,2,Very disappointed
Amelia Perez,1,Slow response
Amelia Taylor,5,Great experience
Zoe Brown,4,Highly recommended
Andrew Jackson,2,Delivery was late
Emma King,5,Excellent service
Mia Perez,4,Quick support
Grace Moore,5,Friendly staff
Grace Thompson,1,Bad experience
Anthony King,5,Very satisfied
Joseph Perez,3,Met expectations
Matthew Lee,4,Excellent service
Joshua Rodriguez,5,Friendly staff
Hannah Garcia,4,Very satisfied
Robert Clark,5,Very satisfied
Zoe Clark,4,Amazing quality
Chloe Adams,3,Average experience
Michael Clark,5,Very satisfied
Joshua Miller,2,Damaged product
James Williams,4,Easy ordering
Matthew Allen,4,Very satisfied
Victoria Brown,5,Fast delivery
Grace Green,4,Fast delivery
Samantha Harris,4,Highly recommended
Samantha Martinez,3,Fine overall
Victoria Garcia,4,Fast delivery
Anthony Williams,2,Very disappointed
Evelyn Lopez,4,Fast delivery
Richard Lopez,3,Could be better
Robert Lewis,3,Reasonable quality
Richard Smith,2,Damaged product
Sophia Rodriguez,4,Friendly staff
Joshua Baker,5,Excellent service
Steven Martin,2,Very disappointed
Daniel Lewis,4,Easy ordering
Robert Lee,4,Friendly staff
John Robinson,4,Friendly staff
Natalie Nelson,4,Amazing quality
Michael King,1,Low quality
Natalie Scott,1,Order was incorrect
Robert Davis,2,Low quality
Charlotte Adams,4,Quick support
Mia Walker,1,Delivery was late
William Smith,4,High quality product
Isabella Carter,4,Easy ordering
Hannah Martinez,5,Easy ordering
Abigail Lewis,3,It was okay
Zoe Miller,3,Satisfactory
David Allen,3,Met expectations
Anthony Martinez,4,Amazing quality
James Robinson,1,Not worth the price
James Smith,4,High quality product
Joseph Garcia,3,Nothing special
Anthony Davis,4,Easy ordering
Thomas Allen,4,High quality product
